socialHeadline,headline,urlAlias,updatedDate
"""Don’t blame protesters or police for Hong Kong crisis""","""Don’t blame Hong Kong protesters or police: Carrie Lam and her team brought about this crisis""","""https://scmp.com/print/comment/letters/article/3038407/dont-blame-hong-kong-protesters-or-police-carrie-lam-and-her-team""",2019-11-20 23:00:03
"""US House approves Hong Kong rights bill, sends measure to Trump""","""US House approves Hong Kong rights bill, sends measure to Donald Trump to sign or veto""","""https://scmp.com/print/news/china/diplomacy/article/3038684/us-house-approves-hong-kong-rights-bill-sends-measure-donald""",2019-11-20 23:04:38
"""US lawmakers still have 150 other China-related bills to deliberate""","""After Hong Kong democracy act passes, US lawmakers still have 150 other China-related bills to deliberate""","""https://scmp.com/print/news/china/diplomacy/article/3038683/after-hong-kong-democracy-act-passes-us-lawmakers-still-have""",2019-11-20 22:26:26
"""Ex-UK consulate worker Simon Cheng ‘tortured’ in China""","""Ex-UK consulate worker Simon Cheng ‘tortured’ in China""","""https://scmp.com/print/video/hong-kong/3038680/ex-uk-consulate-worker-simon-cheng-tortured-china""",2019-11-20 21:37:55
"""Day of calm after week of chaos, but 100 still in campus stand-off""","""Rare day of calm after week of chaos and violence across Hong Kong, but 100 protesters still defying surrender in Polytechnic University stand-off""","""https://scmp.com/print/news/hong-kong/politics/article/3038669/rare-day-calm-after-week-chaos-and-violence-across-hong""",2019-11-20 21:35:14
"""Ex-British consulate worker detained in Shenzhen says he was tortured""","""Simon Cheng: former British consulate worker detained in Shenzhen claims he was tortured by mainland police""","""https://scmp.com/print/news/hong-kong/politics/article/3038670/simon-cheng-former-british-consulate-worker-detained""",2019-11-20 17:28:30
"""Justice department asks court to suspend mask ruling as unconstitutional""","""Hong Kong Department of Justice asks High Court to suspend ruling that anti-mask law is unconstitutional – as it scrambles to defend the legislation""","""https://scmp.com/print/news/hong-kong/law-and-crime/article/3038668/hong-kong-department-justice-asks-high-court-suspend""",2019-11-20 21:16:09
"""More than 200 defendants charged over protests brought to courts""","""Hong Kong protests: more than 200 defendants charged over stand-off outside PolyU brought to six courts""","""https://scmp.com/print/news/hong-kong/law-and-crime/article/3038661/hong-kong-protests-more-200-defendants-charged-over""",2019-11-20 20:27:43
"""US Senate rush to pass Hong Kong bill highlights growing concern over city""","""US Senate rush to pass Hong Kong democracy bill brings growing concerns over city’s future into focus""","""https://scmp.com/print/news/china/diplomacy/article/3038657/us-senate-rush-pass-hong-kong-democracy-bill-brings-growing""",2019-11-20 16:03:24
"""Clean-up crews move into PolyU""","""Clean-up crews move into PolyU""","""https://scmp.com/print/video/hong-kong/3038659/clean-crews-move-polyu""",2019-11-20 14:21:28
"""Hong Kong security chief ‘hindered efforts to de-escalate university stand-off’""","""Hong Kong protests: security chief accused of hampering efforts to de-escalate Polytechnic University stand-off with remarks that all inside will be arrested""","""https://scmp.com/print/news/hong-kong/politics/article/3038653/hong-kong-protests-security-chief-accused-hampering-efforts""",2019-11-20 16:12:24
"""Environment minister blames fires on the streets for dioxins in the air""","""Fires on the streets, not tear gas, to blame for dioxins in Hong Kong air, environment minister says""","""https://scmp.com/print/news/hong-kong/health-environment/article/3038647/fires-streets-not-tear-gas-blame-dioxins-hong""",2019-11-20 15:23:00
"""‘We would rather die than surrender’: last radicals in PolyU""","""Options running out for last Hong Kong protesters trapped in PolyU campus but some radicals would rather ‘die than surrender’""","""https://scmp.com/print/news/hong-kong/politics/article/3038645/options-running-out-last-hong-kong-protesters-trapped-polyu""",2019-11-20 16:12:24
"""Europe ‘reluctant to act over Hong Kong for fear of Beijing’s response’""","""Europe reluctant to do more about Hong Kong for fear of Beijing’s reaction, say diplomats""","""https://scmp.com/print/news/china/diplomacy/article/3038633/europe-reluctant-do-more-about-hong-kong-fear-beijings""",2019-11-20 13:35:50
"""HSBC to replace investment bank head as part of reshuffle""","""HSBC to replace investment bank head as part of management reshuffle as Noel Quinn moves to ‘remodel’ bank""","""https://scmp.com/print/business/companies/article/3038627/hsbc-replace-investment-bank-head-part-management-reshuffle-noel""",2019-11-20 15:12:02
"""Police charge couple accused of shouting profanities while man set on fire""","""Hong Kong police file disorderly conduct charge against couple accused of shouting profanities ‘in provocative way’ while man set on fire in Ma On Shan""","""https://scmp.com/print/news/hong-kong/law-and-crime/article/3038625/hong-kong-police-file-disorderly-conduct-charge""",2019-11-20 15:22:54
"""Hong Kong’s new police chief reports for duty""","""New Hong Kong’s police chief on duty after China appointment amid ongoing protests""","""https://scmp.com/print/video/hong-kong/3038609/new-hong-kongs-police-chief-duty-after-china-appointment-amid-ongoing""",2019-11-20 09:59:24
"""Hong Kong, China stocks fall on loan prime rate cuts, flare-up in Beijing-US tensions""","""China and Hong Kong stocks fall, as loan prime rate cuts weigh on banks and US-Beijing tensions flare up over protests""","""https://scmp.com/print/business/money/stock-talk/article/3038610/china-and-hong-kong-stocks-fall-loan-prime-rate-cuts""",2019-11-20 09:47:52
"""China vows ‘forceful’ response to US bill on HK rights""","""China threatens ‘forceful measures’ in response to US bill on Hong Kong rights""","""https://scmp.com/print/video/hong-kong/3038608/china-threatens-forceful-measures-response-us-bill-hong-kong-rights""",2019-11-20 21:16:25
"""Business of Design Week cancelled amid continuing protests""","""Cancelled: Business of Design Week in Hong Kong, featuring Tom Dixon, Thomas Heatherwick and other star designers, falls victim to ongoing protests""","""https://scmp.com/print/lifestyle/arts-culture/article/3038579/cancelled-business-design-week-hong-kong-featuring-tom-dixon""",2019-11-20 08:15:31
"""Taiwanese girl on bail after leaving Hong Kong campus stand-off""","""Taiwanese schoolgirl released on bail after leaving Hong Kong Polytechnic campus stand-off""","""https://scmp.com/print/news/china/politics/article/3038573/taiwan-schoolgirl-released-bail-after-leaving-hong-kong""",2019-11-20 09:54:30
"""US Senate passes Hong Kong democracy bill""","""US Senate unanimously passes Hong Kong democracy bill in a win for Washington’s China hardliners""","""https://scmp.com/print/video/world/3038559/us-senate-unanimously-passes-hong-kong-democracy-bill-win-washingtons-china""",2019-11-20 21:13:52
"""Hundreds take to streets in regular lunchtime protest""","""Hong Kong protests: traffic at a standstill as hundreds continue lunchtime disruption across city""","""https://scmp.com/print/news/hong-kong/transport/article/3038545/hong-kong-protests-traffic-standstill-hundreds-continue""",2019-11-20 08:46:41
"""China summons US diplomat, vows to retaliate over Congress’ Hong Kong act""","""China summons US diplomat, vows to retaliate if Donald Trump signs Hong Kong democracy act into law""","""https://scmp.com/print/news/china/diplomacy/article/3038516/china-will-retaliate-if-donald-trump-signs-hong-kong-human""",2019-11-20 16:05:51
"""Why Beijing’s angry reaction to Hong Kong mask ruling sparks concern""","""Why Beijing’s angry reaction to Hong Kong High Court’s mask ban decision prompts fears it will overturn ruling""","""https://scmp.com/print/news/hong-kong/politics/article/3038471/high-courts-mask-ban-decision-beijings-angry-reaction""",2019-11-20 04:35:55
"""Hong Kong police respond to menacing mob attacks with more lethal weapons""","""Police respond to more menacing mob attacks by bringing out lethal anti-riot weapons not used earlier in unrest""","""https://scmp.com/print/news/hong-kong/law-and-crime/article/3038453/police-respond-deadlier-mob-attacks-bringing-out""",2019-11-20 05:27:59
"""Violent protesters attacking police can’t be seen as ‘kids’""","""Violent Hong Kong protesters attacking police are no ‘kids’""","""https://scmp.com/print/comment/letters/article/3038330/violent-hong-kong-protesters-attacking-police-are-no-kids""",2019-11-20 03:00:06
"""Beijing’s view on mask law ruling ‘could spell end of one country, two systems’""","""Hong Kong mask law: Beijing claim on ‘unconstitutional’ ruling could spell end of ‘one country, two systems’, legal heavyweights warn""","""https://scmp.com/print/news/hong-kong/politics/article/3038479/hong-kong-mask-law-beijing-claim-unconstitutional-ruling""",2019-11-20 04:03:13
"""Firms warn of profit drops as impact of protests spreads to more sectors""","""From Maserati importers to newspaper owners, companies warn of falling profits as economic impact of Hong Kong’s political crisis spreads to more sectors""","""https://scmp.com/print/business/companies/article/3038415/maserati-importers-newspaper-owners-companies-warn-falling""",2019-11-20 15:12:01
"""Hang Seng falls as Beijing warns Donald Trump not to sign bill supporting Hong Kong protesters, threatening US-China mini trade deal""","""Hang Seng falls as Beijing warns Donald Trump about bill supporting Hong Kong protesters, threatening US-China mini trade deal""","""https://scmp.com/print/business/markets/article/3038497/stocks-blog-can-hang-seng-run-fourth-straight-session-gains""",2019-11-20 09:04:50
"""Singapore and China eye deeper ties in Greater Bay Area project""","""Singapore and China eye deeper ties in Greater Bay Area project""","""https://scmp.com/print/week-asia/economics/article/3038455/singapore-and-china-eye-deeper-ties-greater-bay-area-project""",2019-11-20 15:26:40
"""Protesters heed online calls to ‘paralyse Hong Kong’ by disrupting road and rail""","""Hong Kong protesters respond to online calls to ‘paralyse’ city by disrupting traffic and rail services""","""https://scmp.com/print/news/hong-kong/politics/article/3038495/hong-kong-protests-radicals-respond-online-calls-paralyse""",2019-11-20 07:30:59
"""Top UK official to discuss Hong Kong situation with France and Germany""","""UK foreign minister Dominic Raab to raise Hong Kong protests in talks with French and German counterparts""","""https://scmp.com/print/news/china/diplomacy/article/3038494/uk-foreign-minister-dominic-raab-raise-hong-kong-protests""",2019-11-20 08:27:02
"""Hong Kong protest violence is wrong, so is police brutality""","""Hong Kong protest violence cannot be condoned, but neither can police brutality""","""https://scmp.com/print/comment/letters/article/3038360/hong-kong-protest-violence-cannot-be-condoned-neither-can-police""",2019-11-20 00:00:04
"""Why Chinese parents are taking their children out of Hong Kong schools""","""Why Hong Kong’s protests are pushing some Chinese parents to pull their children from the city’s schools""","""https://scmp.com/print/news/china/society/article/3038446/why-hong-kongs-protests-are-pushing-some-chinese-parents-pull""",2019-11-20 00:19:09
"""Protesters and police must take a step back, or all is lost""","""Hong Kong protesters and police must both take a step back, or all is lost""","""https://scmp.com/print/comment/letters/article/3038271/hong-kong-protesters-and-police-must-both-take-step-back-or-all""",2019-11-19 23:30:10
"""Empty stores, delayed openings: Hong Kong protests hit luxury retail hard""","""Chanel, Rimowa delay new stores, Prada moving out, sales plummet at Moncler, Gucci – will Hong Kong become city of ‘ghost malls’?""","""https://scmp.com/print/lifestyle/fashion-beauty/article/3038400/chanel-rimowa-delay-new-stores-prada-moving-out-sales""",2019-11-20 08:44:49
"""Others talk about democracy; young Hongkongers fight for it""","""Hong Kong’s protesters fight for the democracy that others only talk about""","""https://scmp.com/print/comment/letters/article/3038268/hong-kongs-protesters-fight-democracy-others-only-talk-about""",2019-11-19 23:00:07
"""Trump set to have final say on Hong Kong democracy act as Senate passes it""","""Donald Trump set to have final say on Hong Kong democracy act as Senate passes it""","""https://scmp.com/print/news/hong-kong/politics/article/3038484/us-senate-support-hong-kong-democracy-bill-hits-49pc-amid""",2019-11-20 10:52:52
"""Police chase down protesters trying to escape PolyU""","""Hong Kong police chase down protesters trying to escape from Polytechnic University""","""https://scmp.com/print/video/hong-kong/3038483/hong-kong-police-chase-down-protesters-trying-escape-polytechnic-university""",2019-11-19 17:26:00
"""Police investigate alleged attack on politician Albert Ho""","""Police investigate alleged attack on Hong Kong pro-democracy politician Albert Ho""","""https://scmp.com/print/news/hong-kong/politics/article/3038480/police-investigate-alleged-attack-hong-kong-pro-democracy""",2019-11-20 13:04:54
"""Up to 100 activists still holed up as Hong Kong campus stand-off continues""","""Hong Kong protests: bitter stand-off inside Polytechnic University continues with as many as 100 activists still on campus, determined to evade capture""","""https://scmp.com/print/news/hong-kong/politics/article/3038478/hong-kong-protests-bitter-stand-inside-polytechnic""",2019-11-19 18:44:11
"""‘More than 200 radicals’ to be charged for rioting in Yau Ma Tei""","""‘More than 200 radicals’ to be charged for rioting in Yau Ma Tei, the largest group prosecuted for the same offence amid Hong Kong’s protest crisis""","""https://scmp.com/print/news/hong-kong/law-and-crime/article/3038475/more-200-radicals-be-charged-rioting-yau-ma-tei""",2019-11-19 20:40:40
"""Concert of Taiwanese pop star Jay Chou postponed amid protests""","""Hong Kong protests: Taiwanese pop star Jay Chou concert postponed as violence continues to escalate""","""https://scmp.com/print/news/hong-kong/society/article/3038474/hong-kong-concert-taiwanese-pop-star-jay-chou-postponed-amid""",2019-11-19 18:06:07
"""Extra security, polling stations moved as Hong Kong readies for elections""","""Hong Kong district council elections: polling stations to be moved away from trouble-hit universities and extra security deployed""","""https://scmp.com/print/news/hong-kong/politics/article/3038472/hong-kong-district-council-elections-polling-stations-be""",2019-11-19 16:35:42
"""Reporter had submunitions of tear gas grenades and rubber bullets, court told""","""Hong Kong protests: reporter charged with possession of ammunition after he was stopped carrying submunitions of tear gas grenades and rubber and sponge-tipped bullets, court hears""","""https://scmp.com/print/news/hong-kong/law-and-crime/article/3038457/hong-kong-protests-reporter-charged-possession""",2019-11-19 15:25:23
"""Wife of Hong Kong man who was set on fire tells of heartbreak""","""Wife of Hong Kong man set on fire after row with vandals tells Chinese state television of heartbreak at injuries""","""https://scmp.com/print/news/china/society/article/3038421/wife-hong-kong-man-set-fire-after-row-vandals-tells-chinese""",2019-11-20 15:22:59
"""Hong Kong jeweller TSL’s first-half profit sinks 94 per cent""","""Hong Kong jeweller TSL’s first-half profit sinks 94 per cent as it is hit by a double whammy of protests and trade war""","""https://scmp.com/print/business/companies/article/3038448/hong-kong-jeweller-tsls-first-half-profit-sinks-94-cent-it-hit""",2019-11-19 11:52:25
"""Desperate radicals search high and low for way to escape as police close in""","""No redemption in sewers as desperate radicals search high and low for way to escape, with Hong Kong police closing in around them""","""https://scmp.com/print/news/hong-kong/law-and-crime/article/3038443/no-redemption-sewers-desperate-radicals-search-high""",2019-11-19 14:10:11
"""Inside the occupied Hong Kong PolyU campus""","""Inside the occupied Hong Kong Polytechnic University campus""","""https://scmp.com/print/video/hong-kong/3038438/inside-occupied-hong-kong-polytechnic-university-campus""",2019-11-20 01:10:29
"""Wreckage in the area around Hong Kong’s PolyU""","""Scenes of destruction in streets surrounding besieged Hong Kong Polytechnic University""","""https://scmp.com/print/video/hong-kong/3038416/scenes-destruction-streets-surrounding-besieged-hong-kong-polytechnic""",2019-11-19 10:00:10
"""Hong Kong PolyU siege enters 3rd day""","""As besieged PolyU campus cleared, Hong Kong leader condemns ‘rioters' ""","""https://scmp.com/print/video/hong-kong/3038426/besieged-polyu-campus-cleared-hong-kong-leader-condemns-rioters""",2019-11-19 09:37:44
"""Hang Seng to underperform China-linked benchmarks next year""","""Hang Seng Index to underperform China-linked equity benchmarks next year: Morgan Stanley""","""https://scmp.com/print/business/china-business/article/3038406/hang-seng-index-underperform-china-linked-equity-benchmarks""",2019-11-19 13:28:09
"""Trolls target Chinese University professor over Hong Kong protest posts""","""Trolls target Chinese University professor over Hong Kong protest posts""","""https://scmp.com/print/news/china/society/article/3038414/trolls-target-chinese-university-professor-over-hong-kong""",2019-11-19 09:38:10
"""More than 8,000 petrol bombs primed for Hong Kong streets ‘found at Chinese University’""","""More than 8,000 petrol bombs primed for Hong Kong streets ‘found in weapons factory at Chinese University’""","""https://scmp.com/print/news/hong-kong/politics/article/3038399/thousands-petrol-bombs-primed-hong-kong-streets-found""",2019-11-19 11:02:58
"""New York students square off over Hong Kong protests ""","""New York students square off over Hong Kong protests ""","""https://scmp.com/print/video/world/3038389/new-york-students-square-over-hong-kong-protests""",2019-11-19 07:16:32
"""Singapore vulnerable to Hong Kong-style protests, minister warns""","""Singapore also vulnerable to protests that have left Hong Kong at ‘breaking point’, minister claims""","""https://scmp.com/print/news/asia/southeast-asia/article/3038376/singapore-also-vulnerable-protests-have-left-hong-kong""",2019-11-19 08:21:48
"""Tsim Sha Tsui businesses left to pick up pieces after violent clashes""","""The busy Hong Kong tourist district dealing with the destructive aftermath of pitched battles between radicals and police""","""https://scmp.com/print/news/hong-kong/politics/article/3038385/busy-hong-kong-tourist-district-dealing-destructive""",2019-11-19 15:59:02
"""Taiwan schoolgirl at PolyU campus was ‘too scared to leave’""","""Taiwan schoolgirl at Hong Kong Polytechnic campus was  ‘too scared to leave’""","""https://scmp.com/print/news/china/politics/article/3038380/taiwan-schoolgirl-hong-kong-polytechnic-campus-too-scared-leave""",2019-11-19 13:54:10
"""Parents looking for children in PolyU get caught in police lockdown""","""Hong Kong protests: parents searching for children among PolyU radical protesters get caught in police lockdown""","""https://scmp.com/print/news/hong-kong/politics/article/3038365/hong-kong-protests-police-siege-polytechnic-university""",2019-11-19 15:59:02
"""Hong Kong PolyU campus escape""","""Ropes and motorbikes used to escape Hong Kong Polytechnic University campus siege""","""https://scmp.com/print/video/hong-kong/3038361/ropes-and-motorbikes-used-escape-hong-kong-polytechnic-university-campus""",2019-11-19 05:10:34
"""Do Hong Kong protesters have the right to make everyone pay?""","""What gives Hong Kong protesters the right to make everyone pay for their idea of democracy?""","""https://scmp.com/print/comment/letters/article/3038329/what-gives-hong-kong-protesters-right-make-everyone-pay-their-idea""",2019-11-19 03:15:07
"""Hong Kong’s district council elections must proceed as planned, EU urges""","""Hong Kong’s district council elections must proceed as planned, European Union urges""","""https://scmp.com/print/news/china/diplomacy/article/3038332/hong-kongs-district-council-elections-must-proceed-planned""",2019-11-19 12:59:15
"""China slams Hong Kong court’s ruling on anti-mask law in stern rebuke""","""‘No other authority has right to make judgments’: China slams Hong Kong court’s ruling on anti-mask law as unconstitutional""","""https://scmp.com/print/news/hong-kong/politics/article/3038325/hong-kong-judges-slammed-chinas-top-legislative-body""",2019-11-20 04:43:09
"""Hong Kong’s stock market bulls shrug aside city’s street protests""","""Hong Kong investors pin hopes on US-China trade deal to boost Hang Seng Index next year, shrug off protest impact""","""https://scmp.com/print/business/money/markets-investing/article/3038288/hong-kong-investors-pin-hopes-us-china-trade-deal""",2019-11-19 09:33:22
"""Stocks Blog: Want Want China shoots up on results; Tencent gains ""","""Stocks Blog: Want Want China shoots up on results; Tencent gains  ""","""https://scmp.com/print/business/markets/article/3038323/stocks-blog-stand-between-police-protesters-hong-kong-campus-puts""",2019-11-20 00:32:12
"""‘Cold and hungry’ radicals surrender as Lam tells police to let minors go home""","""Hong Kong protests: cold and hungry radicals start to surrender as Hong Kong leader says police have been told to let minors go home""","""https://scmp.com/print/news/hong-kong/politics/article/3038322/hong-kong-protests-about-100-still-barricaded-polytechnic""",2019-11-19 09:43:00
"""Singapore investor first to bear the brunt of Hong Kong’s protests""","""Singapore investor first to bear the brunt of Hong Kong’s radical protests as vandals laid waste to Festival Walk mall in Kowloon""","""https://scmp.com/print/business/companies/article/3038253/singapore-investor-first-bear-brunt-hong-kongs-radical-protests""",2019-11-20 02:06:55
"""Protests and the vicious cycle of anger: when will it all end?""","""Hong Kong protests and the vicious cycle of anger: how much more can the city endure?""","""https://scmp.com/print/comment/letters/article/3038243/hong-kong-protests-and-vicious-cycle-anger-how-much-more-can-city""",2019-11-19 00:00:08
"""Hong Kong court ‘sent wrong signal to radicals over face mask ban’""","""Hong Kong court sent wrong signals to radical protesters over face mask ban, say mainland Chinese analysts""","""https://scmp.com/print/news/china/politics/article/3038302/hong-kong-court-sent-wrong-signals-radical-protesters-over-face""",2019-11-19 02:14:38
"""Hong Kong’s air was polluted, is tear gas turning it toxic?""","""Is tear gas in Hong Kong making polluted city take a toxic turn?""","""https://scmp.com/print/comment/letters/article/3038222/tear-gas-hong-kong-making-polluted-city-take-toxic-turn""",2019-11-18 23:25:03
"""New Hong Kong police chief says the force can’t end protests alone""","""New Hong Kong police chief Chris Tang tells residents: the force cannot end the protests alone""","""https://scmp.com/print/news/hong-kong/law-and-crime/article/3038305/incoming-police-chief-chris-tang-tells-hongkongers""",2019-11-20 11:48:25
"""Clashes, escapes and arrests at Hong Kong PolyU""","""Clashes, escapes and arrests as stand-off continues at Hong Kong Polytechnic University""","""https://scmp.com/print/video/scmp-originals/3038317/clashes-escapes-and-arrests-stand-continues-hong-kong-polytechnic""",2019-11-18 20:41:26
"""Hong Kong hospital guards against tear gas as clashes break out nearby""","""Hong Kong protests: Queen Elizabeth Hospital guards against tear gas amid nearby clashes between radicals and riot police""","""https://scmp.com/print/news/hong-kong/health-environment/article/3038312/hong-kong-protests-queen-elizabeth-hospital""",2019-11-18 23:46:23
"""Thousands hit Hong Kong streets in bid to end police campus siege""","""Hong Kong protests: university campus stand-off between radicals and riot squad shows no sign of ending as thousands hit streets in bid to relieve police siege""","""https://scmp.com/print/news/hong-kong/politics/article/3038309/hong-kong-protests-university-campus-stand-between-radicals""",2019-11-19 05:46:13
"""Police and radicals clash at siege of university campus""","""Violence worsens as police, radicals clash at siege of Polytechnic University""","""https://scmp.com/printhttps://multimedia.scmp.com/infographics/news/hong-kong/article/3038287/hong-kong-protest-polyu-university/index.html""",2019-11-18 16:33:21
"""Polytechnic University war zone: how radicals got boxed in by police""","""Polytechnic University war zone: how Hong Kong radicals got boxed in by police after two days of ferocious clashes""","""https://scmp.com/print/news/hong-kong/law-and-crime/article/3038308/polytechnic-university-war-zone-how-hong-kong-radicals""",2019-11-19 00:24:39
"""Ambassador: China ‘has resolution and power’ to end Hong Kong unrest""","""China has the ‘resolution and power’ to end Hong Kong unrest amid protests, says ambassador to Britain Liu Xiaoming""","""https://scmp.com/print/news/china/diplomacy/article/3038297/china-has-resolution-and-power-end-hong-kong-unrest-says""",2019-11-18 16:02:59
"""Missing chemicals from universities spark fears over public safety""","""Dangerous chemicals missing from laboratories of Hong Kong’s universities could threaten public safety, officials and experts warn after campus clashes""","""https://scmp.com/print/news/hong-kong/politics/article/3038300/dangerous-chemicals-missing-laboratories-hong-kongs""",2019-11-19 00:06:25
"""‘Repairs of University station will be similar to rebuilding it entirely’""","""Hong Kong protests: repairs of University station will be similar to rebuilding the whole facility, MTR official says""","""https://scmp.com/print/news/hong-kong/politics/article/3038293/hong-kong-protests-repairs-university-station-will-be""",2019-11-18 14:33:29
"""Why Singapore and Hong Kong fall behind in talent retention""","""Why are Singapore and Hong Kong lagging in workforce talent retention?""","""https://scmp.com/print/week-asia/economics/article/3038291/why-are-singapore-and-hong-kong-lagging-workforce-talent""",2019-11-18 15:39:11
"""Hong Kong commercial property deals plunge as protests worsen""","""Hong Kong commercial property deals fall by a third as worsening political crisis saps appetite, says Real Capital Analytics""","""https://scmp.com/print/business/companies/article/3038284/hong-kong-commercial-property-deals-fall-third-worsening""",2019-11-18 14:57:18
"""HSBC to close corporate account being used to support Hong Kong protesters""","""HSBC to close corporate account being used to support Hong Kong protesters through crowdfunding""","""https://scmp.com/print/news/hong-kong/politics/article/3038281/hsbc-close-corporate-account-being-used-support-hong-kong""",2019-11-18 22:48:14
"""Airlines in mainland China lead fresh cull of Hong Kong flights amid protests""","""Hong Kong protests force fresh cull of city flights, led by mainland China airlines""","""https://scmp.com/print/news/hong-kong/transport/article/3038276/hong-kong-protests-force-fresh-cull-city-flights-led""",2019-11-18 10:49:25
"""Nearly 4,500 Hongkongers arrested over protests so far""","""Hong Kong protests: Police arrested nearly 4,500 people since violence erupted over extradition bill in June""","""https://scmp.com/print/news/hong-kong/politics/article/3038275/hong-kong-protests-police-arrested-nearly-4500-people""",2019-11-18 12:39:18
"""Stand-off continues at Hong Kong PolyU campus""","""Police surround Hong Kong Polytechnic University campus in stand-off with protesters""","""https://scmp.com/print/video/hong-kong/3038270/police-surround-hong-kong-polytechnic-university-campus-stand-protesters""",2019-11-18 10:46:10
"""Is a ‘governor’ needed to lead Hong Kong out of months of civil unrest?""","""Is a ‘governor’ needed to lead Hong Kong out of months of civil unrest?""","""https://scmp.com/print/video/hong-kong/3038264/governor-needed-lead-hong-kong-out-months-civil-unrest""",2019-11-18 10:19:40
"""Hong Kong will stay in recession next year, say the city’s accountants""","""Hong Kong’s battered economy will continue to shrink next year, says CPA Australia survey of accountants""","""https://scmp.com/print/business/banking-finance/article/3038240/hong-kongs-battered-economy-will-continue-shrink-next-year""",2019-11-18 10:29:01
"""Hongkongers don’t need visa to enter Singapore, consulate clarifies""","""Hong Kong passport holders don’t need visa to enter Singapore, consulate clarifies""","""https://scmp.com/print/news/asia/southeast-asia/article/3038225/hongkongers-dont-need-visa-enter-singapore-consulate""",2019-11-19 06:44:27
"""PLA ‘committed to protecting’ Hong Kong as stand-off intensifies""","""PLA ‘committed to protecting’ Hong Kong as stand-off intensifies""","""https://scmp.com/print/news/china/article/3038197/pla-committed-protecting-hong-kong-stand-intensifies""",2019-11-18 15:53:09
"""No room for compromise with Hong Kong protesters, People’s Daily says""","""No room for compromise with Hong Kong protesters, People’s Daily says""","""https://scmp.com/print/news/china/politics/article/3038198/peoples-daily-says-no-room-compromise-hong-kong-protesters""",2019-11-18 10:57:22
"""Anti-mask law in Hong Kong ruled unconstitutional by High Court""","""Anti-mask law to quell Hong Kong protests ruled unconstitutional by High Court""","""https://scmp.com/print/news/hong-kong/politics/article/3038184/anti-mask-law-quell-hong-kong-protests-ruled""",2019-11-18 20:16:26
"""No fanfare or farewell dinner as police chief makes a quiet exit""","""No fanfare, no farewell dinner as Hong Kong police chief Stephen Lo makes a quiet exit amid protests""","""https://scmp.com/print/news/hong-kong/law-and-crime/article/3038106/no-fanfare-no-farewell-dinner-hong-kong-police-chief""",2019-11-18 06:38:31
"""Hong Kong to host AFC Annual Awards in December despite social unrest""","""Hong Kong protests: AFC Annual Awards gala to go ahead in Wan Chai, with HKFA nominated in two categories""","""https://scmp.com/print/sport/hong-kong/article/3038157/hong-kong-protests-afc-annual-awards-gala-go-ahead-wan-chai-hkfa""",2019-11-18 14:59:07
"""As it happened: Hong Kong radicals escape campus by dropping onto highway""","""As it happened: Hong Kong protesters drop onto highway from footbridge on university campus and escape on motorcycles""","""https://scmp.com/print/news/hong-kong/politics/article/3038152/hogn-kong-protests-tense-stand-between-radicals-and-police""",2019-11-18 22:31:25
"""Stocks Blog: Tencent, AIA gain, while BeiGene drops on profit taking ""","""Stocks Blog: Tencent, AIA gain, while BeiGene drops on profit taking ""","""https://scmp.com/print/business/markets/article/3038153/stocks-blog-more-violence-leaves-hong-kong-traders-edge""",2019-11-18 09:27:32
"""No relief measures for airlines at Hong Kong airport despite protests""","""No joy for airlines seeking waivers, cuts in Hong Kong airport fees to help get through hard times""","""https://scmp.com/print/news/hong-kong/transport/article/3038102/no-joy-airlines-seeking-waivers-cuts-hong-kong-airport""",2019-11-18 07:41:41
"""How Hong Kong police can emerge stronger from protests fire""","""How Hong Kong police can emerge stronger from protests fire: regain public trust with full, open inquiry""","""https://scmp.com/print/comment/letters/article/3037900/how-hong-kong-police-can-emerge-stronger-protests-fire-regain""",2019-11-18 00:00:03
"""Hong Kong protester escapes custody as battles with police intensify""","""Tear gas fired as radicals attempt to escape Hong Kong university, battle with police intensifies""","""https://scmp.com/print/news/hong-kong/politics/article/3038151/tense-stand-between-hong-kong-protesters-and-police""",2019-11-18 10:59:35
"""PLA troops that cleaned up Hong Kong were from counterterrorism units""","""Chinese troops that cleaned up Hong Kong were from top counterterrorism brigade""","""https://scmp.com/print/news/china/politics/article/3038132/chinese-troops-cleaned-hong-kong-were-top-counterterrorism""",2019-11-18 01:43:13
"""Hong Kong’s future was bright: ‘revolution’ has changed that""","""Hong Kong’s future was bright: until this ‘revolution of our times’""","""https://scmp.com/print/comment/letters/article/3037904/hong-kongs-future-was-bright-until-revolution-our-times""",2019-11-17 22:39:00
"""Night clashes around Hong Kong Polytechnic University""","""Night clashes around Hong Kong Polytechnic University""","""https://scmp.com/print/video/hong-kong/3038144/night-clashes-around-hong-kong-polytechnic-university""",2019-11-17 19:42:15
"""Do Hong Kong protesters know what those foreign flags stand for?""","""Do Hong Kong protesters know what those flags they are waving stand for?""","""https://scmp.com/print/comment/letters/article/3037611/do-hong-kong-protesters-know-what-those-flags-they-are-waving-stand""",2019-11-17 21:05:23
"""Police surround occupied campus after day of fierce clashes with radicals""","""Hong Kong protests: riot squads surround university campus occupied by radicals after day of fierce clashes, shooting of officer with arrow and live round fired at car trying to ram police line""","""https://scmp.com/print/news/hong-kong/politics/article/3038140/hong-kong-protests-riot-squads-surround-university-campus""",2019-11-17 22:43:13
"""Don’t be cowed by violence, ex-leader CY Leung urges Hongkongers""","""Stand up to violence and don’t waver, Hong Kong’s former leader Leung Chun-ying urges, insisting that police actions are having effect on protesters""","""https://scmp.com/print/news/hong-kong/politics/article/3038137/stand-violence-and-dont-waver-hong-kongs-former-leader""",2019-11-17 19:37:22
"""Issue-free meeting sends ‘strong signal’ to potential HKIR visitors""","""Issue-free meeting sends ‘strong signal’ to potential Hong Kong International Races visitors""","""https://scmp.com/print/sport/racing/article/3038136/issue-free-meeting-sends-strong-signal-potential-hong-kong""",2019-11-17 21:05:37
"""After campus clashes, Hong Kong universities closed to visitors""","""Amid Hong Kong protests,  universities shut campuses to outsiders""","""https://scmp.com/print/news/hong-kong/education/article/3038135/amid-anti-government-protests-hong-kong-universities-shut""",2019-11-17 17:02:12
"""Hong Kong police use controversial anti-riot sound device for first time""","""Hong Kong protests: police use controversial anti-riot sound device for first time, rejecting claims it is harmful""","""https://scmp.com/print/news/hong-kong/society/article/3038133/hong-kong-protests-police-use-controversial-anti-riot-sound""",2019-11-17 15:54:15
"""Warm welcome in mainland China for PLA’s Hong Kong clean-up action""","""Warm welcome in mainland China for PLA’s Hong Kong clean-up action""","""https://scmp.com/print/news/china/politics/article/3038114/warm-welcome-mainland-china-plas-hong-kong-clean-action""",2019-11-17 15:54:26
"""Fierce clashes at Hong Kong Polytechnic University""","""Protesters and police in fierce clashes at Hong Kong’s Polytechnic University""","""https://scmp.com/print/video/hong-kong/3038118/protesters-and-police-fierce-clashes-hong-kongs-polytechnic-university""",2019-11-17 12:23:56
"""Is glass bottle recycling ban a plan to stop petrol bomb supplies?""","""Is ban on glass bottle recycling and collection points part of Hong Kong government’s plan to deprive protesters of materials for petrol bombs?""","""https://scmp.com/print/news/hong-kong/politics/article/3038117/ban-glass-bottle-recycling-and-collection-points-part-hong""",2019-11-17 23:20:06
"""Hong Kong records worst weekend sales of homes since June""","""Hong Kong records worst weekend sales of homes since June as intensifying violence keeps buyers away""","""https://scmp.com/print/business/article/3038116/hong-kong-records-worst-weekend-sales-homes-june-intensifying-violence""",2019-11-18 01:11:19
"""Protests pushing Hong Kong towards ‘worst recession since 1997’""","""Hong Kong protests: violence and hatred ‘swallowing up’ city and pushing it to brink of worst recession since 1997 handover, finance chief Paul Chan warns""","""https://scmp.com/print/news/hong-kong/hong-kong-economy/article/3038112/hong-kong-protests-violence-and-hatred-swallowing""",2019-11-17 13:32:00
"""Taiwan’s President Tsai chooses William Lai as election running mate""","""Taiwanese President Tsai Ing-wen chooses former premier William Lai as running mate""","""https://scmp.com/print/news/china/politics/article/3038101/taiwanese-president-tsai-ing-wen-chooses-former-premier-william""",2019-11-17 07:41:21
"""Live round fired near Hong Kong campus, as police warn of mass arrests""","""As it happened: Live round fired near army barracks in Hong Kong as police warn of mass arrests of anti-government radicals""","""https://scmp.com/print/news/hong-kong/politics/article/3038096/hong-kong-officer-shot-arrow-police-deploy-water-cannons""",2019-11-17 17:22:08
"""Hong Kong protests, cheap Chinese rivals: why Thai rice is in crisis""","""Hong Kong protests, cheap Chinese rivals: why Thai rice is in crisis""","""https://scmp.com/print/week-asia/politics/article/3037976/hong-kong-protests-cheap-chinese-rivals-why-thai-rice-crisis""",2019-11-17 04:49:29
"""Hong Kong protests deal massive blow to trade exhibitions""","""Hong Kong protests deal massive blow to trade exhibitions as visitor numbers slump 20 per cent""","""https://scmp.com/print/business/companies/article/3037982/hong-kong-protests-deal-massive-blow-trade-exhibitions-visitor""",2019-11-17 14:35:39
"""Schools to remain closed on Monday as Hong Kong braces for more protests""","""Hong Kong protests: all schools to remain closed on Monday as city braces for more traffic disruption, while tear gas is fired near Polytechnic University""","""https://scmp.com/print/news/hong-kong/society/article/3038086/police-fire-tear-gas-hong-kong-protesters-attack-crowd""",2019-11-17 06:53:35
"""Shop owners willing to sell even if it means a loss of HK$6 million""","""Hong Kong shop owners willing to sell even if it means incurring a loss of HK$6 million""","""https://scmp.com/print/business/article/3037998/hong-kong-shop-owners-willing-sell-even-if-it-means-incurring-loss-hk6""",2019-11-17 14:55:42
"""Can Joshua Wong step up to lead protesters to non-violence?""","""Can Joshua Wong be the leader who inspires Hong Kong protesters to give up violence?""","""https://scmp.com/print/comment/letters/article/3037758/can-joshua-wong-be-leader-who-inspires-hong-kong-protesters-give""",2019-11-17 00:05:08
"""Hong Kong or Catalonia: don’t fall into the ‘either-or’ trap""","""Hong Kong protests or Catalonian: beware the risks of the ‘either-or’ debate""","""https://scmp.com/print/comment/letters/article/3037810/hong-kong-protests-or-catalonian-beware-risks-either-or-debate""",2019-11-16 23:30:02
"""Violent Hong Kong protesters must face full force of the law""","""Violent Hong Kong protesters must face the full force of the law""","""https://scmp.com/print/comment/letters/article/3037752/violent-hong-kong-protesters-must-face-full-force-law""",2019-11-16 23:29:23
"""Do what’s right: speak up against Hong Kong protest violence""","""Hong Kong protests: supporters and reporters are failing to speak up against the mindless violence""","""https://scmp.com/print/comment/letters/article/3037743/hong-kong-protests-supporters-and-reporters-are-failing-speak""",2019-11-16 23:26:54
"""Violent clashes at night in Kowloon""","""After a generally calm day in Hong Kong, fresh violence erupted at night in Kowloon""","""https://scmp.com/print/video/hong-kong/3038075/after-generally-calm-day-hong-kong-fresh-violence-erupted-night-kowloon""",2019-11-20 08:01:02
"""Hong Kong residents turn out in force to clear protesters’ roadblocks""","""Hong Kong protests: residents turn out in force to clear roads near university campuses after five days of traffic mayhem""","""https://scmp.com/print/news/hong-kong/politics/article/3038072/hong-kong-protests-residents-turn-out-force-clear-roads""",2019-11-16 18:16:16
"""Dialogue without preconditions needed to end Hong Kong protests, experts say""","""Hong Kong protests: government should hold dialogue with demonstrators without preconditions, international peacemaking experts say""","""https://scmp.com/print/news/hong-kong/politics/article/3038066/hong-kong-protests-government-should-hold-dialogue""",2019-11-16 15:59:01
"""Chinese soldiers help clear Hong Kong barricades""","""Chinese soldiers and residents help clear streets after a week of intense protest in Hong Kong""","""https://scmp.com/print/video/hong-kong/3038065/chinese-soldiers-and-residents-help-clear-streets-after-week-intense""",2019-11-20 08:03:40
"""Two German exchange students bailed after arrest during Hong Kong protest""","""Two German exchange students released on bail after being arrested during Hong Kong protest in Tuen Mun""","""https://scmp.com/print/news/hong-kong/article/3038057/two-german-exchange-students-released-bail-after-being-arrested""",2019-11-16 12:26:26
"""Shuttler Zhang Beiwen in ‘video game’ as she experiences protest carnage""","""Badminton ace Zhang Beiwen experiences ‘terrible scenes’ as protesters set fire to toll booths at Cross Harbour Tunnel""","""https://scmp.com/print/sport/hong-kong/article/3038054/badminton-ace-zhang-beiwen-experiences-terrible-scenes-protesters""",2019-11-17 11:49:41
"""Students say government has forced them into traffic chaos protest""","""Group claiming to be Hong Kong students apologises for traffic chaos, but says government has forced them to do it""","""https://scmp.com/print/news/hong-kong/politics/article/3038052/group-claiming-be-hong-kong-students-apologises-traffic""",2019-11-16 15:59:01
"""Reporter hit by sponge grenade after fleeing arrest in Mong Kok""","""Hong Kong reporter hit by sponge grenade after fleeing arrest, prompting criticism of police from media associations""","""https://scmp.com/print/news/hong-kong/politics/article/3038051/hong-kong-reporter-hit-sponge-grenade-after-fleeing-arrest""",2019-11-16 14:23:42
"""PLA soldiers sent onto Hong Kong streets to help clear roadblocks""","""PLA soldiers sent onto streets of Hong Kong for first time since protests began – to help clear roadblocks near Kowloon Tong garrison""","""https://scmp.com/print/news/hong-kong/politics/article/3038049/pla-soldiers-sent-streets-hong-kong-first-time-protests""",2019-11-16 18:22:12
"""US report on Hong Kong lays bare the ‘evil intentions of anti-China forces’""","""US report on Hong Kong lays bare the ‘evil intentions of anti-China forces’, foreign ministry office says""","""https://scmp.com/print/news/china/diplomacy/article/3038040/us-report-hong-kong-lays-bare-evil-intentions-anti-china""",2019-11-16 15:59:12
"""‘Prison flying tigers’ join fight against Hong Kong protesters""","""‘Prison flying tigers’ join fight against Hong Kong protesters as 70 special constables take to streets for first time""","""https://scmp.com/print/news/hong-kong/law-and-crime/article/3038039/flying-tigers-join-fight-against-hong-kong-protesters""",2019-11-17 03:24:42
"""Thousands take advantage of free ferry to escape Tai Po""","""Thousands take advantage of free ferry service to escape town cut off by Hong Kong protests""","""https://scmp.com/print/news/hong-kong/politics/article/3038033/thousands-take-advantage-free-ferry-service-escape-town-cut""",2019-11-16 15:58:56
"""Tension returns to Hong Kong with stand-off in Hung Hom""","""Hong Kong protests: tension returns to city after peaceful Saturday with stand-off in Hung Hom""","""https://scmp.com/print/news/hong-kong/society/article/3038030/hong-kong-protests-tolo-highway-reopens-and-residents-remove""",2019-11-16 17:24:32
"""The professor, the Chinese flag and a plea for the future of Hong Kong""","""The professor, the Chinese flag and a plea for the future of Hong Kong""","""https://scmp.com/print/news/china/politics/article/3037988/professor-chinese-flag-and-plea-future-hong-kong""",2019-11-16 04:00:07
"""Tear gas on his canvases, but Frog King’s ‘not political’""","""It’s not political, it’s art, he says: Hong Kong artist Frog King opens exhibition filled with protest references""","""https://scmp.com/print/lifestyle/arts-culture/article/3037852/its-not-political-its-art-he-says-hong-kong-artist-frog-king""",2019-11-17 12:37:35
"""‘Lennon Walls’ appear indoors in Hong Kong shops and restaurants""","""‘Lennon Walls’ move indoors: Grab some sushi, get an ice cream, and scribble a note about Hong Kong protests""","""https://scmp.com/print/news/hong-kong/politics/article/3037928/lennon-walls-move-indoors-grab-some-sushi-get-ice-cream-and""",2019-11-16 02:00:09
"""Hong Kong’s riot police have long been armed and ready""","""Hong Kong riot police have long been armed and ready""","""https://scmp.com/print/comment/letters/article/3037712/hong-kong-riot-police-have-long-been-armed-and-ready""",2019-11-16 00:30:10
"""Hong Kong churches struggle to find a place between religion and politics""","""Hong Kong’s protest pastors: as violence escalates, churches struggle to find a place between religion and politics""","""https://scmp.com/print/news/hong-kong/politics/article/3037977/hong-kongs-protest-pastors-violence-escalates-churches""",2019-11-16 16:39:29
"""Why did paralysed city wait so long to cancel classes?""","""What took Hong Kong government so long to decide travel chaos was too much for students?""","""https://scmp.com/print/comment/letters/article/3037619/what-took-hong-kong-government-so-long-decide-travel-chaos-was-too""",2019-11-16 00:00:02
"""It’s not just Hong Kong protesters who demand a full inquiry""","""It’s not just Hong Kong protesters, city’s silent majority also want the truth""","""https://scmp.com/print/comment/letters/article/3037896/its-not-just-hong-kong-protesters-citys-silent-majority-also-want""",2019-11-15 23:25:50
"""Pompeo signals Trump to take harder line over Beijing’s broken promises""","""US Secretary of State signals Donald Trump is taking a harder line on China, blaming Beijing’s broken promises""","""https://scmp.com/print/news/china/politics/article/3038015/us-secretary-state-signals-donald-trump-taking-harder-line""",2019-11-16 01:59:21
"""Hong Kong protesters fortify positions on 6th straight day of unrest""","""Protesters fortify campus positions on sixth straight day of Hong Kong protests""","""https://scmp.com/print/video/scmp-originals/3038007/protesters-fortify-campus-positions-sixth-straight-day-hong-kong""",2019-11-15 17:06:57
"""Aerial view of Hong Kong’s protest fortified campuses ""","""A bird's-eye view of Hong Kong universities turned into fortresses during protests""","""https://scmp.com/print/video/scmp-originals/3038006/birds-eye-view-hong-kong-universities-turned-fortresses-during""",2019-11-20 07:54:01
"""Peaceful Friday descends into violence as government issues staff warning""","""Hong Kong protests: peaceful Friday turns violent again as government issues warning to employees and university chiefs call for end to deadlock""","""https://scmp.com/print/news/hong-kong/article/3038005/hong-kong-protests-peaceful-friday-turns-violent-again-government""",2019-11-16 02:16:55
"""Kindergarten teacher accused of slapping pupil, 3, has charges dropped""","""Hong Kong kindergarten teacher accused of slapping three-year-old with police relative has charges dropped""","""https://scmp.com/print/news/hong-kong/law-and-crime/article/3037999/hong-kong-kindergarten-teacher-accused-slapping-three""",2019-11-15 18:14:30
"""China says US Congress body ‘full of prejudice’ over Hong Kong report""","""China says US Congress body is ‘full of prejudice’ as report calls for Hong Kong’s special status to be suspended if troops are sent in""","""https://scmp.com/print/news/china/diplomacy/article/3037986/china-says-us-congress-body-full-prejudice-report-calls-hong""",2019-11-15 18:17:57
"""Hong Kong protests: how the four-day occupation of Chinese University ended""","""Hong Kong protests: how the four-day occupation of Chinese University ended""","""https://scmp.com/print/news/hong-kong/politics/article/3037816/hong-kong-protests-violence-returns-city-petrol-bombs""",2019-11-15 16:12:22
"""Are universities becoming ‘weapons factories’ as claimed by police?""","""Are Hong Kong’s universities becoming ‘weapons factories’ as claimed by police?""","""https://scmp.com/print/news/hong-kong/politics/article/3037990/are-hong-kongs-universities-becoming-weapons-factories""",2019-11-15 17:43:41
"""China demands Britain investigate Hong Kong minister’s fall""","""China demands British authorities investigate after Hong Kong minister falls in confrontation with London protesters""","""https://scmp.com/print/news/china/diplomacy/article/3037960/china-demands-uk-authorities-investigate-after-hong-kong""",2019-11-15 10:44:16
"""Growing international focus on Hong Kong protests""","""Hong Kong protests draw attention from US senators,  Xi Jinping, activists in Brazil and London""","""https://scmp.com/print/video/hong-kong/3037958/hong-kong-protests-draw-attention-us-senators-xi-jinping-activists-brazil""",2019-11-15 10:10:34
"""Hong Kong’s civil servants will be immediately suspended if arrested""","""Hong Kong protests: civil servants told they will be suspended immediately if they are arrested while taking part in unlawful public activities""","""https://scmp.com/print/news/hong-kong/politics/article/3037943/hong-kong-protests-civil-servants-told-they-will-face""",2019-11-15 11:49:15
"""Amid unrest, Hong Kong economy expected to shrink 1.3 per cent for 2019""","""Amid Hong Kong anti-government protests, city’s economy expected to shrink 1.3 per cent for the year""","""https://scmp.com/print/news/hong-kong/hong-kong-economy/article/3037930/amid-hong-kong-anti-government-protests-citys""",2019-11-15 15:59:53
"""Hong Kong police classify death of 70-year-old cleaner as murder""","""Hong Kong protests: police treat death of 70-year-old cleaner as murder, saying he was struck by brick thrown with malice""","""https://scmp.com/print/news/hong-kong/politics/article/3037927/hong-kong-protests-police-treat-death-70-year-old-cleaner""",2019-11-15 15:31:55
"""Hong Kong court extends online ban aimed at those who incite violence""","""Hong Kong court extends online messaging ban aimed at those inciting violence, which authorities say has had ‘very real and meaningful effect’""","""https://scmp.com/print/news/hong-kong/law-and-crime/article/3037908/hong-kong-court-extends-online-messaging-ban-aimed""",2019-11-15 15:31:54
"""Chinese embassy backs students tearing down banners in South Korea""","""Chinese embassy backs students tearing down ‘pro-Hong Kong protest’ banners in South Korea""","""https://scmp.com/print/news/china/diplomacy/article/3037898/chinese-embassy-backs-students-tearing-down-pro-hong-kong""",2019-11-15 06:59:12
"""Hong Kong’s lunchtime protests extend across city as hundreds block roads""","""Hong Kong protests: lunchtime demonstrations extend across city with hundreds of people blocking roads""","""https://scmp.com/print/news/hong-kong/society/article/3037877/hong-kong-protests-lunchtime-demonstrations-extend-across""",2019-11-15 11:33:57
"""Disney actress and Australian among 29 charged over Hong Kong protests""","""Hong Kong protests: Disney cast member, Australian tutor, and politician among those charged in connection with lunchtime demonstration""","""https://scmp.com/print/news/hong-kong/law-and-crime/article/3037869/hong-kong-protests-disney-actress-australian-tutor-and""",2019-11-15 09:01:47
"""Tai Po McDonald’s runs out of food as Hong Kong protests hit hard""","""Trapped in Tai Po: McDonald’s runs out of buns and hash browns and supermarket shelves are bare as Hong Kong protests limit supplies to one town""","""https://scmp.com/print/news/hong-kong/hong-kong-economy/article/3037851/mcdonalds-runs-out-food-and-supermarkets-shelves""",2019-11-15 15:31:48
"""Protest supporters question radical actions – but blame still pinned on government""","""Worsening levels of violence in Hong Kong protests has supporters questioning radical actions – but government still blamed for trouble""","""https://scmp.com/print/news/hong-kong/politics/article/3037824/worsening-levels-violence-hong-kong-protests-has-supporters""",2019-11-15 04:27:14
"""How a Hong Kong university morphed into a base for protesters""","""With an on-campus kitchen, a production line making petrol bombs and a training camp to practise throwing them, Chinese University has become a base for Hong Kong’s radical protesters""","""https://scmp.com/print/news/hong-kong/politics/article/3037813/campus-kitchen-production-line-making-petrol-bombs-and""",2019-11-15 04:10:49
"""Major Hong Kong highway closed eight hours after its partial reopening""","""Hong Kong protests: Tolo Highway closed eight hours after partial reopening as Chief Secretary Matthew Cheung fails to give district council elections guarantee""","""https://scmp.com/print/news/hong-kong/politics/article/3037836/hong-kong-protests-partial-reopening-tolo-highway-comes""",2019-11-15 12:47:09
"""Hong Kong student protests evoke South Korea’s 1987 campus rallies""","""Fiery Hong Kong student protests evoke memory of South Korea’s own 1987 June Struggle""","""https://scmp.com/print/week-asia/politics/article/3037807/fiery-hong-kong-student-protests-invoke-memory-south-koreas-own""",2019-11-16 08:31:40
"""Stocks Blog: AAC Technologies, BeiGene rise, but Hang Seng has brutal weekly performance amid protest chaos""","""Stocks Blog: AAC Technologies, BeiGene rise, but Hang Seng has brutal weekly performance amid protest chaos""","""https://scmp.com/print/business/markets/article/3037834/stocks-blog-hang-seng-track-biggest-weekly-loss-three-months""",2019-11-15 09:35:55
"""We’ll be back: mainland students hope to be back in Hong Kong soon""","""Mainland Chinese students flee, but hope to be back in Hong Kong soon""","""https://scmp.com/print/news/china/society/article/3037788/well-be-back-mainland-chinese-students-continue-flee-hope-be""",2019-11-15 01:24:37
"""Excessive force from police sparking spiral of violence""","""Hong Kong protests: police using excessive force as violence begets violence""","""https://scmp.com/print/comment/letters/article/3037475/hong-kong-protests-police-using-excessive-force-violence-begets""",2019-11-15 00:00:08
"""If Hong Kong protesters want democracy, they must practise it""","""If Hong Kong protesters want democracy, they need to practise what they preach""","""https://scmp.com/print/comment/letters/article/3037514/if-hong-kong-protesters-want-democracy-they-need-practise-what-they""",2019-11-14 23:30:01
"""No end to chaos in sight with Carrie Lam so out of touch""","""Is there hope for Hong Kong when city’s leader is so out of touch?""","""https://scmp.com/print/comment/letters/article/3037545/there-hope-hong-kong-when-citys-leader-so-out-touch""",2019-11-14 23:10:05
"""Hong Kong official Teresa Cheng hurt in London as protesters surround her""","""Hong Kong justice secretary Teresa Cheng injured in London while surrounded by protesters""","""https://scmp.com/print/news/china/diplomacy/article/3037830/hong-kong-justice-secretary-teresa-cheng-injured-london-while""",2019-11-15 10:43:12
"""Tough talk on Hong Kong security law only adds fuel to fire""","""How to further inflame Hong Kong protests: start talking about the national security law""","""https://scmp.com/print/comment/letters/article/3037488/how-further-inflame-hong-kong-protests-start-talking-about-national""",2019-11-14 22:35:08
"""Chinese tech firms offer jobs to Hong Kong students amid campus clashes""","""Hong Kong university students fleeing campus clashes are offered jobs by Chinese tech companies""","""https://scmp.com/print/tech/start-ups/article/3037751/hong-kong-university-students-fleeing-campus-clashes-are-offered""",2019-11-15 10:05:27
"""Senate puts Hong Kong democracy bill on fast track as violence rises""","""US senators try to fast-track Hong Kong democracy bill as violence in city rises""","""https://scmp.com/print/news/china/politics/article/3037826/us-senators-urge-passage-hong-kong-democracy-bill-violence-city""",2019-11-15 05:50:28
"""Man, 70, hit on head by brick during Hong Kong clash dies""","""Hong Kong protests: elderly man hit on head by brick during clash in Sheung Shui dies while two others hurt in separate incidents remain in critical condition""","""https://scmp.com/print/news/hong-kong/politics/article/3037822/hong-kong-protests-elderly-man-hit-head-brick-during-clash""",2019-11-15 09:49:07
,,,
"""Is Beijing ready to step in to stop Hong Kong protests?""","""Is Beijing ready to step in to stop Hong Kong protests?""","""https://scmp.com/print/news/china/politics/article/3037791/beijing-ready-step-stop-hong-kong-protests""",2019-11-14 16:26:00
"""Hong Kong curfew rumours sweep cyberspace""","""Hong Kong curfew rumours sweep cyberspace as ‘exclusive’ from China’s Global Times fuels the fire""","""https://scmp.com/print/news/china/politics/article/3037799/hong-kong-curfew-rumours-sweep-cyberspace-exclusive-chinas""",2019-11-15 06:32:27
"""Taiwanese students head home after campus clashes in Hong Kong""","""Hundreds of Taiwanese students head home after campus clashes in Hong Kong""","""https://scmp.com/print/news/china/politics/article/3037796/hundreds-taiwanese-students-head-home-after-campus-clashes-hong""",2019-11-14 16:14:24
"""Hong Kong protests: man beaten by baton-wielding gang in Sheung Shui""","""Hong Kong protests: man beaten by baton-wielding gang in Sheung Shui""","""https://scmp.com/print/news/hong-kong/politics/article/3037793/hong-kong-protests-man-beaten-baton-wielding-gang-sheung""",2019-11-14 16:14:10
"""Why students’ bid to bar police from campus failed, and what it means""","""Hong Kong protests: failure of students’ court bid to bar police from Chinese University campus has sent alarm bells ringing in academic circles. What does it mean for the future?""","""https://scmp.com/print/news/hong-kong/politics/article/3037775/hong-kong-protests-failure-students-court-bid-bar-police""",2019-11-15 07:49:38
"""Mainland Chinese students flee Hong Kong campuses ""","""Chinese and local organisations help students from mainland China flee universities in Hong Kong  ""","""https://scmp.com/print/video/hong-kong/3037764/chinese-and-local-organisations-help-students-mainland-china-flee""",2019-11-14 11:12:06
"""Police ban takes the parade out of Hong Kong’s pride celebrations""","""Police ban takes the parade out of Hong Kong’s pride celebrations, amid violent protests in the city""","""https://scmp.com/print/news/hong-kong/society/article/3037772/police-ban-takes-parade-out-hong-kongs-pride-celebrations""",2019-11-14 15:53:29
"""Burberry feels the impact of Hong Kong protests as sales fall""","""Burberry feels the impact of protests as Hong Kong sales fall to 5 per cent of total from 8 per cent""","""https://scmp.com/print/business/companies/article/3037757/burberry-feels-impact-protests-hong-kong-sales-fall-5-cent-total""",2019-11-14 14:55:12
"""Chinese professor hit by online backlash over Hong Kong protest posts""","""Chinese law professor falls foul of online backlash over posts defending Hong Kong protesters""","""https://scmp.com/print/news/china/society/article/3037744/chinese-law-professor-falls-foul-online-backlash-over-posts""",2019-11-15 03:48:26
"""Citigroup warns employees to avoid danger in Hong Kong after banker arrested""","""Hong Kong protests prompt Citigroup to warn employees to avoid ‘dangerous situations’ after banker arrested""","""https://scmp.com/print/news/hong-kong/hong-kong-economy/article/3037730/citigroup-warns-employees-avoid-dangerous""",2019-11-14 10:00:14
"""Protest disruptions across Hong Kong""","""Disruptions across Hong Kong as city braces for another day of protest violence""","""https://scmp.com/print/video/hong-kong/3037700/disruptions-across-hong-kong-city-braces-another-day-protest-violence""",2019-11-14 12:57:21
"""‘Hatred too deep-rooted’: Hong Kong university turns into a battleground""","""Chinese University: how a scenic seafront campus in northern Hong Kong became a fiery battlefield, scarred by petrol bombs and tear gas""","""https://scmp.com/print/news/hong-kong/politics/article/3037615/chinese-university-how-scenic-seafront-campus-northern-hong""",2019-11-14 12:36:23
"""As it happened: protesters vandalise and repeatedly set tunnel tollbooths on fire""","""As it happened: Hong Kong protesters vandalise and repeatedly set Cross-Harbour Tunnel tollbooths on fire""","""https://scmp.com/print/news/hong-kong/society/article/3037622/hong-kong-protests-tear-gas-fired-city-begins-fourth""",2019-11-14 19:52:04
"""Carrie Lam and her crew are the real ‘enemy of the people’""","""Hong Kong’s real ‘enemy of the people’ are Carrie Lam and her crew""","""https://scmp.com/print/comment/letters/article/3037450/hong-kongs-real-enemy-people-are-carrie-lam-and-her-crew""",2019-11-14 00:00:13
"""Hong Kong democracy bill sponsor claims ‘significant progress’ in US Senate""","""Marco Rubio, sponsor of Hong Kong pro-democracy bill, claims ‘very significant progress’ on the pending legislation""","""https://scmp.com/print/news/china/diplomacy/article/3037632/marco-rubio-sponsor-hong-kong-pro-democracy-bill-claims-very""",2019-11-14 02:44:42
"""Protesters seeking freedoms risk destroying everyone else’s""","""Hong Kong protesters seeking greater freedoms risk destroying everyone else’s""","""https://scmp.com/print/comment/letters/article/3037513/hong-kong-protesters-seeking-greater-freedoms-risk-destroying""",2019-11-13 23:30:06
"""Why an independent inquiry may be Carrie Lam’s last chance""","""As Hong Kong protest nightmare worsens, an independent inquiry is Carrie Lam’s last chance to redeem herself""","""https://scmp.com/print/comment/letters/article/3037388/hong-kong-protest-nightmare-worsens-independent-inquiry-carrie-lams""",2019-11-13 23:00:08
"""Protesters hunker down on Hong Kong university campuses""","""Student protesters hunker down at Hong Kong campuses in anticipation of clashes with police""","""https://scmp.com/print/video/scmp-originals/3037621/student-protesters-hunker-down-hong-kong-campuses-anticipation-clashes""",2019-11-13 17:57:13
"""Lunchtime protests continue in Hong Kong’s Central district""","""Crowds return to Hong Kong’s financial centre for another lunchtime protest""","""https://scmp.com/print/video/hong-kong/3037618/crowds-return-hong-kongs-financial-centre-another-lunchtime-protest""",2019-11-13 16:16:31
"""Hard-core protesters cripple Hong Kong for third straight day""","""Hong Kong protests: city crippled for third straight day as radicals torch tunnel tollbooths, take over roads in 10 districts and vandalise train stations""","""https://scmp.com/print/news/hong-kong/society/article/3037616/hong-kong-protests-city-crippled-third-straight-day-radicals""",2019-11-14 06:52:41
"""Fourfold surge in number of school students held over protests""","""Hong Kong protests: more than fourfold surge in under two months in number of school students arrested""","""https://scmp.com/print/news/hong-kong/politics/article/3037604/hong-kong-protests-more-fourfold-surge-under-two-months""",2019-11-13 16:50:48
"""Education Bureau slammed for delay in suspending classes""","""Hong Kong’s Education Bureau slammed for delay in suspending classes amid chaos in the city""","""https://scmp.com/print/news/hong-kong/politics/article/3037605/hong-kongs-education-bureau-slammed-delay-suspending""",2019-11-13 16:38:05
"""Elderly man clings to life after being hit in head with protesters’ brick""","""Elderly  man clings to life after being hit in head by brick thrown by Hong Kong protesters during clash with residents in Sheung Shui""","""https://scmp.com/print/news/hong-kong/law-and-crime/article/3037601/elderly-hong-kong-man-clings-life-after-hit-head-brick""",2019-11-13 22:22:13
"""High Court denies student leader’s bid to bar police from Chinese University""","""High Court denies injunction sought by Chinese University student leader to bar Hong Kong police from campus after days of clashes with protesters""","""https://scmp.com/print/news/hong-kong/politics/article/3037600/high-court-denies-injunction-sought-chinese-university""",2019-11-13 14:46:18
"""Stay or go? Hong Kong’s foreign students pack bags amid protest chaos""","""Stay or go? Hong Kong’s international students pack their bags amid protest chaos""","""https://scmp.com/print/week-asia/politics/article/3037599/stay-or-go-hong-kongs-international-students-pack-their-bags""",2019-11-16 01:50:51
"""Link Reit is discussing rent relief with tenants at 10 protest-hit malls""","""Hong Kong malls landlord Link Reit is discussing rent relief with tenants at 10 protest-hit shopping centres, company says""","""https://scmp.com/print/business/article/3037587/hong-kong-malls-landlord-link-reit-discussing-rent-relief-tenants-10""",2019-11-14 07:29:20
"""Cathay Pacific further lowers profit forecast as aviation summit cancelled""","""Cathay Pacific further lowers profit forecast over Hong Kong’s protest crisis as Asian aviation summit cancelled""","""https://scmp.com/print/news/hong-kong/transport/article/3037586/cathay-pacific-further-lowers-profit-forecast-over-hong""",2019-11-13 14:59:04
"""Developers pick up Kai Tak’s most valuable plot at 27 per cent discount""","""Developers pick up Kai Tak’s most valuable harbourfront land plot at 27 per cent discount as protests send property market into tailspin""","""https://scmp.com/print/business/article/3037577/developers-pick-kai-taks-most-valuable-harbourfront-land-plot-discount""",2019-11-14 02:44:22
"""Taiwan’s Tsai urges Hong Kong leaders to pull city back from the brink""","""Taiwan’s President Tsai Ing-wen urges Hong Kong’s leaders to pull city ‘back from the brink’""","""https://scmp.com/print/news/china/politics/article/3037539/taiwans-president-tsai-ing-wen-urges-hong-kongs-leaders-pull""",2019-11-13 11:08:49
"""Fourth consecutive day of protest chaos in Hong Kong""","""Hong Kong wakes up to fourth consecutive day of protest disorder and stand-offs""","""https://scmp.com/print/video/hong-kong/3037532/hong-kong-wakes-fourth-consecutive-day-protest-disorder-and-stand-offs""",2019-11-20 07:57:42
"""Five Chinese University students charged with rioting in Hong Kong""","""Hong Kong protests: five Chinese University students charged with rioting over Monday’s disturbance on Sha Tin campus""","""https://scmp.com/print/news/hong-kong/law-and-crime/article/3037502/hong-kong-protests-five-chinese-university-students""",2019-11-13 08:59:30
"""Oxfam Trailwalker cancelled amid Hong Kong protests""","""Hong Kong protests: Oxfam Trailwalker cancelled as unrest causes more havoc across the city""","""https://scmp.com/print/sport/outdoor/trail-running/article/3037500/hong-kong-protests-oxfam-trailwalker-cancelled-unrest""",2019-11-13 06:24:35
"""Beijing’s top office in Hong Kong urges stronger crackdown""","""‘Sliding into an abyss’: Beijing’s top office in Hong Kong urges stronger crackdown against unrest""","""https://scmp.com/print/news/china/politics/article/3037495/sliding-abyss-beijings-top-office-hong-kong-urges-stronger""",2019-11-13 16:27:27
"""Shenzhen and Hong Kong-based groups help mainland students flee city""","""Shenzhen and Hong Kong-based groups help mainland Chinese students flee city""","""https://scmp.com/print/news/china/society/article/3037487/shenzhen-opens-centres-mainland-chinese-students-fleeing-hong""",2019-11-14 07:55:39
"""Jockey Club cancels Happy Valley race meeting as chaos escalates""","""Hong Kong protests: Jockey Club cancels Happy Valley race meeting as chaos escalates""","""https://scmp.com/print/sport/article/3037482/jockey-club-cancels-happy-valley-race-meeting-chaos-escalates""",2019-11-13 08:50:01
"""Stocks Blog: Alibaba approved to list in Hong Kong;  New World, Wharf, other property stocks fall amid protest chaos""","""Stocks Blog: Alibaba approved to list in Hong Kong;  New World, Wharf, other property stocks fall amid protest chaos""","""https://scmp.com/print/business/markets/article/3037469/stocks-blog-alibaba-approved-list-hong-kong-selling-us15-billion""",2019-11-13 09:31:37
"""What 1967 riots taught Hong Kong: less politics, more consensus""","""If Hong Kong could find consensus after 1967 riots, it can do the same again""","""https://scmp.com/print/comment/letters/article/3037385/if-hong-kong-could-find-consensus-after-1967-riots-it-can-do-same""",2019-11-13 00:00:06
"""Hong Kong police: Boys with lethal toys need better leaders""","""Hong Kong police in riots city: scared boys with lethal toys need better leaders""","""https://scmp.com/print/comment/letters/article/3037367/hong-kong-police-riots-city-scared-boys-lethal-toys-need-better""",2019-11-12 23:30:10
"""As it happened: Hong Kong protesters set Cross-Harbour Tunnel tollbooth alight again""","""As it happened: Hong Kong protesters set Cross-Harbour Tunnel tollbooth alight again as tear gas fired in Kwai Chung and Yuen Long""","""https://scmp.com/print/news/hong-kong/politics/article/3037453/hong-kong-protests-city-braces-third-straight-day-travel""",2019-11-13 18:05:17
"""Alarmed EU urges ‘complete inquiry’ into protests and police behaviour""","""EU, alarmed by rising violence in Hong Kong, calls for ‘complete inquiry’ into protests and police behaviour""","""https://scmp.com/print/news/hong-kong/politics/article/3037465/eu-alarmed-rising-violence-hong-kong-calls-complete-inquiry""",2019-11-13 07:53:15
"""Police recruiting ‘special cops’ to ease Hong Kong protest burden: sources""","""Hong Kong protests: ‘special police’ unit will be unveiled this week to ease pressure on embattled force, sources say""","""https://scmp.com/print/news/hong-kong/law-and-crime/article/3037425/hong-kong-protests-special-police-unit-will-be""",2019-11-12 23:15:43
"""Hong Kong protests: It’s a woeful time to be in hotels as vacancy soars""","""Hong Kong’s hotel valuations drop, vacancy rates soar, as business travellers and tourists avoid city amid street protests""","""https://scmp.com/print/business/article/3037327/hong-kongs-hotel-valuations-drop-vacancy-rates-soar-business-travellers""",2019-11-13 04:10:39
"""Lawyers can’t let rule of law be collateral damage of protests""","""Hong Kong protests: city lawyers cannot let rule of law become collateral damage""","""https://scmp.com/print/comment/letters/article/3037340/hong-kong-protests-city-lawyers-cannot-let-rule-law-become""",2019-11-12 22:45:04
"""Campus chaos and Central Hong Kong clashes""","""Chaos on campuses and Central district in Hong Kong on third consecutive day of serious violence""","""https://scmp.com/print/video/hong-kong/3037459/chaos-campuses-and-central-district-hong-kong-third-consecutive-day-serious""",2019-11-13 09:20:43
"""Pitched battles on campuses as Hong Kong police warn of ‘total breakdown’""","""Hong Kong protests: pitched battles on campuses as police say city verging on ‘brink of total breakdown’""","""https://scmp.com/print/news/hong-kong/politics/article/3037454/hong-kong-anti-government-protests-pitched-battles-campuses""",2019-11-12 23:27:42
"""Policeman who shot protester ‘did not deviate from guidelines’""","""Hong Kong policeman who shot protester did not deviate from guidelines, police say, adding that another officer who moved suspect was ‘unaware of injury’""","""https://scmp.com/print/news/hong-kong/politics/article/3037451/hong-kong-policeman-who-shot-protester-did-not-deviate""",2019-11-12 16:39:04
"""Campus clashes as Hong Kong universities become new battleground""","""Campus clashes as universities become new battleground in Hong Kong anti-government unrest""","""https://scmp.com/print/news/hong-kong/politics/article/3037448/campus-clashes-universities-become-new-battleground-hong""",2019-11-12 17:33:23
"""Parents, teachers slam government for not suspending classes amid violence""","""Hong Kong parents, teachers and educators’ unions slam government for not suspending classes amid campus protest violence""","""https://scmp.com/print/news/hong-kong/politics/article/3037447/hong-kong-parents-teachers-and-educators-unions-slam""",2019-11-12 17:21:03
"""Concerns high as Carrie Lam vows elections will be held on time""","""Chief Executive Carrie Lam vows Hong Kong’s district council elections will be held on time – despite mainland media calling citywide peace a prerequisite""","""https://scmp.com/print/news/hong-kong/politics/article/3037444/chief-executive-carrie-lam-vows-hong-kongs-district-council""",2019-11-12 16:05:51
"""Are buses the next target of protesters to cripple transport services?""","""Are Hong Kong’s buses the next target in protesters’ bid to cripple the city’s transport services?""","""https://scmp.com/print/news/hong-kong/transport/article/3037434/are-hong-kongs-buses-next-target-protesters-bid-cripple""",2019-11-12 19:35:21
"""Alleged ear-biter has suffered years of depression, court hears""","""Hong Kong protests: alleged ear-biter suffered years of depression, court hears""","""https://scmp.com/print/news/hong-kong/law-and-crime/article/3037431/hong-kong-anti-government-protests-alleged-ear-biter""",2019-11-12 15:07:34
"""China accuses US and Britain of hypocrisy over violence in Hong Kong""","""China accuses US and Britain of hypocrisy over violence in Hong Kong""","""https://scmp.com/print/news/china/diplomacy/article/3037427/china-accuses-us-and-britain-hypocrisy-over-violence-hong-kong""",2019-11-12 18:00:44
,,,
"""Why K-pop awards show to skip Hong Kong: it’s the protests""","""Hong Kong protests the reason top K-pop awards show skipping the city, music industry source says""","""https://scmp.com/print/lifestyle/entertainment/article/3037300/hong-kong-protests-reason-top-k-pop-awards-show-skipping""",2019-11-12 03:28:27
"""Stocks Blog: Tencent climbs ahead of earnings, while Wharf and other property stocks drop amid ongoing protests""","""Stocks Blog: Tencent climbs ahead of earnings, while Wharf and other property stocks drop amid ongoing protests""","""https://scmp.com/print/business/markets/article/3037284/stocks-blog-traders-edge-hard-core-protesters-start-morning-mtr""",2019-11-13 00:40:06
"""As it happened: shop in flames, Hong Kong police draw guns while under attack""","""As it happened: Causeway Bay shop engulfed in flames with flats above, as protests erupt across Hong Kong and police under attack draw guns ""","""https://scmp.com/print/news/hong-kong/politics/article/3037264/tear-gas-fired-hong-kong-chaos-returns-streets-second""",2019-11-12 17:52:36
"""Why Hong Kong government can’t train kids to spot fake news""","""Why Hong Kong government can’t teach kids how to spot fake news""","""https://scmp.com/print/comment/letters/article/3037196/why-hong-kong-government-cant-teach-kids-how-spot-fake-news""",2019-11-12 00:05:09
"""Why it’s wrong to blame ‘both sides’ in Hong Kong protests""","""Hong Kong protests: why there’s no sense in blaming ‘both sides’""","""https://scmp.com/print/comment/letters/article/3037205/hong-kong-protests-why-theres-no-sense-blaming-both-sides""",2019-11-11 23:00:08
"""Protesters making Hong Kong lose its last edge over Shenzhen""","""Hong Kong protesters throwing away city’s last edge over Shenzhen""","""https://scmp.com/print/comment/letters/article/3037208/hong-kong-protesters-throwing-away-citys-last-edge-over-shenzhen""",2019-11-12 04:04:34
"""No ‘Washington consensus’ on tough China policies says US academic""","""No ‘Washington consensus’ on tough China policies says US academic Ezra Vogel""","""https://scmp.com/print/news/china/diplomacy/article/3037187/no-washington-consensus-tough-china-policies-says-us-academic""",2019-11-11 22:23:35
"""Day of violence as Hong Kong protests enter sixth month ""","""Day of violence unfolds as Hong Kong enters sixth month of protests""","""https://scmp.com/print/video/hong-kong/3037273/day-violence-unfolds-hong-kong-enters-sixth-month-protests""",2019-11-11 18:31:17
"""Hong Kong transport plunged into chaos as protests cripple services""","""Hong Kong plunged into commuter chaos as protesters block roads and target rail services – with turmoil expected to continue for another day""","""https://scmp.com/print/news/hong-kong/transport/article/3037270/hong-kong-plunged-commuter-chaos-protesters-block-roads""",2019-11-11 19:25:44
"""Student shot and man set ablaze in one of Hong Kong’s most violent days yet""","""Student shot and man set ablaze in one of the most violent days of Hong Kong anti-government unrest yet""","""https://scmp.com/print/news/hong-kong/politics/article/3037267/student-shot-and-man-set-ablaze-one-most-violent-days-hong""",2019-11-15 09:30:49
"""Shot protester still in critical condition amid arguments over force used""","""Hong Kong protests: shot student remains in critical condition after surgery to remove right kidney, part of liver and bullet, as arguments rage over force used""","""https://scmp.com/print/news/hong-kong/law-and-crime/article/3037265/hong-kong-protests-shot-student-remains-critical""",2019-11-11 17:16:49
"""Tear gas fired on university campuses for first time as students battle police""","""Tear gas fired on campuses for first time as student protesters battle police at Chinese University, Polytechnic University and University of Hong Kong""","""https://scmp.com/print/news/hong-kong/politics/article/3037262/tear-gas-fired-campuses-first-time-student-protesters""",2019-11-11 16:36:14
"""Police shooting exposes deep divide online with mainland China""","""Police shooting exposes deep divide online between mainland China and Hong Kong""","""https://scmp.com/print/news/china/politics/article/3037256/police-shooting-exposes-deep-divide-online-between-mainland""",2019-11-11 21:22:25
"""Officer who shot protester gets death threats against children, police say""","""Hong Kong police officer who shot protester receives death threats against children after personal details released online, force says""","""https://scmp.com/print/news/hong-kong/law-and-crime/article/3037245/hong-kong-police-officer-who-shot-protester-receives""",2019-11-11 16:19:49
"""Hong Kong man set on fire in gruesome act police call attempted murder""","""Hong Kong father of two ‘burned alive’ after chasing protesters at MTR station in grisly act of violence police classify as attempted murder""","""https://scmp.com/print/news/hong-kong/law-and-crime/article/3037243/hong-kong-father-two-burned-alive-after-chasing""",2019-11-15 09:26:44
"""HKUST condemnation of attack on student fails to dispel mainland fears""","""HKUST condemnation of attack on student fails to dispel mainlanders’ safety fears amid Hong Kong protests""","""https://scmp.com/print/news/china/society/article/3037226/hong-kong-universitys-condemnation-attack-student-fails-dispel""",2019-11-12 09:54:57
"""Hong Kong shares see worst fall in three month as protester is shot, man set on fire""","""Hong Kong stocks see worst fall in three months as protester is shot, man set on fire""","""https://scmp.com/print/business/markets/article/3037229/hong-kong-stocks-see-worst-fall-three-months-protester-shot-man""",2019-11-11 11:26:03
"""Transport chaos cripples Hong Kong as angry protesters flood streets after shooting""","""Transport disruptions continue across Hong Kong as protesters flood streets after student wounded by police live round""","""https://scmp.com/print/news/hong-kong/transport/article/3037223/transport-disruptions-continue-across-hong-kong-protesters""",2019-11-11 11:05:46
"""No plans to close stock market or impose caps on cash withdrawals""","""No plans to close stock market or impose caps on cash withdrawals as Hong Kong government denies emergency law rumours""","""https://scmp.com/print/business/banking-finance/article/3037216/no-plans-close-stock-market-or-impose-caps-cash""",2019-11-11 09:24:44
"""Hong Kong protester shot with live round""","""Hong Kong protester shot with live round as unrest in city enters sixth month""","""https://scmp.com/print/video/hong-kong/3037175/hong-kong-protester-shot-live-round-unrest-city-enters-sixth-month""",2019-11-20 08:04:17
"""Stocks Blog: Hang Seng suffers worst tumble in 3 months as protester is shot, man is set on fire""","""Stocks Blog: Hang Seng suffers worst tumble in 3 months as protester is shot, man is set on fire""","""https://scmp.com/print/business/markets/article/3037150/stocks-blog-hang-seng-trying-break-28000-key-indicator-warning-it""",2019-11-11 10:32:17
"""Police No 2 Chris Tang expected to be named top cop next week""","""Hong Kong police No 2 Chris Tang expected to take over as city’s top cop next week""","""https://scmp.com/print/news/hong-kong/law-and-crime/article/3037130/hong-kong-police-no-2-chris-tang-expected-take-over""",2019-11-11 01:00:01
"""As it happened: 16 hours of violence in Hong Kong continue with Mong Kok unrest""","""As it happened: 16 hours of violence in Hong Kong continue with Mong Kok unrest, while Carrie Lam says 'wishful thinking' to believe government will yield to political demands""","""https://scmp.com/print/news/hong-kong/politics/article/3037135/shots-fired-hong-kong-anti-government-protesters-cause""",2019-11-11 17:02:24
"""Kind acts show protests have not killed Hong Kong’s humanity""","""Hong Kong protests have not destroyed city’s soul, as random acts of kindness show""","""https://scmp.com/print/comment/letters/article/3036880/hong-kong-protests-have-not-destroyed-citys-soul-random-acts""",2019-11-10 23:30:11
"""Critics of Hong Kong police never felt the heat of petrol bombs""","""Those blaming Hong Kong police have never felt the heat of a petrol bomb""","""https://scmp.com/print/comment/letters/article/3036813/those-blaming-hong-kong-police-have-never-felt-heat-petrol-bomb""",2019-11-10 23:15:03
"""Why school must be a place for politics and free speech""","""Why Hong Kong schools must be a place for politics and free speech: it’s where students prepare themselves for real life""","""https://scmp.com/print/comment/letters/article/3036752/why-hong-kong-schools-must-be-place-politics-and-free-speech-its""",2019-11-10 22:30:08
"""Hong Kong protesters play cat-and-mouse with police""","""Tear gas fired in Tsuen Wan as flash mobs spring up across Hong Kong""","""https://scmp.com/print/video/hong-kong/3037141/tear-gas-fired-tsuen-wan-flash-mobs-spring-across-hong-kong""",2019-11-10 17:30:38
"""Remembrance Day disrupted as protesters jeer Chinese national anthem""","""Remembrance Day in Hong Kong briefly interrupted as anti-government protesters turn back on memorial and jeer Chinese national anthem""","""https://scmp.com/print/news/hong-kong/politics/article/3037139/remembrance-day-hong-kong-briefly-interrupted-anti""",2019-11-10 18:03:28
"""Hong Kong protesters stage flash-mob demonstrations as unrest enters sixth month""","""Hong Kong protests: flash-mob ‘shopping tours’, trashed train stations and shops, tear gas and water cannons as city enters sixth month of anti-government unrest""","""https://scmp.com/print/news/hong-kong/politics/article/3037138/hong-kong-protests-flash-mob-shopping-tours-trashed-train""",2019-11-11 08:32:25
"""Hong Kong forum to discuss ways to encourage reconciliation""","""Hong Kong protests: unrest brings new group together to find ways to help city heal""","""https://scmp.com/print/news/hong-kong/politics/article/3037111/give-peace-chance-unrest-brings-new-group-together-find""",2019-11-11 03:24:10
"""Chinese media from 30 countries condemn attack on Xinhua in Hong Kong""","""Chinese media from 30 countries condemn attack on Xinhua offices in Hong Kong""","""https://scmp.com/print/news/china/politics/article/3037124/chinese-media-30-countries-condemn-attack-xinhua-offices-hong""",2019-11-10 14:08:54
"""HKUST classes suspended on Monday as campus recovers from vandalism""","""Classes suspended at Hong Kong University of Science and Technology as campus repairs to be carried out following ‘mass-scale malicious vandalism’""","""https://scmp.com/print/news/hong-kong/politics/article/3037125/classes-suspended-hong-kong-university-science-and""",2019-11-10 14:08:49
"""Beijing ‘should give more details on Hong Kong national security plans’""","""Beijing should give more details on Hong Kong national security plans, says former Legislative Council president Jasper Tsang""","""https://scmp.com/print/news/hong-kong/politics/article/3037123/beijing-should-give-more-details-hong-kong-national""",2019-11-10 14:08:57
"""The Hong Kong protesters giving Singles’ Day a miss""","""Some Hong Kong protesters plan to give Taobao’s Singles’ Day a miss""","""https://scmp.com/print/news/hong-kong/politics/article/3037118/some-hong-kong-protesters-plan-give-taobaos-singles-day""",2019-11-10 10:54:09
"""As it happened: protesters return to Tseung Kwan O car park after citywide flash mobs""","""As it happened: protesters return to Tseung Kwan O car park after day of flash mob action across Hong Kong""","""https://scmp.com/print/news/hong-kong/politics/article/3037094/protesters-return-shopping-across-five-districts-hong-kong""",2019-11-10 16:10:05
"""Emergency services turn on each other at Hong Kong protest""","""Hong Kong police and paramedics turn on each other at anti-government protest, as relations between emergency services continue to sour""","""https://scmp.com/print/news/hong-kong/law-and-crime/article/3037090/hong-kong-police-and-paramedics-turn-each-other-anti""",2019-11-10 18:29:18
"""Hong Kong police officers said they would ‘celebrate student’s death’""","""Hong Kong protests: police officers reprimanded after he was filmed saying he would celebrate student Chow Tsz-lok’s death ‘with champagne’""","""https://scmp.com/print/news/hong-kong/politics/article/3037087/hong-kong-protests-police-officer-reprimanded-after-he-was""",2019-11-10 14:09:00
"""Hong Kong police watchdog ‘lacks power’ to probe force conduct during protests""","""Hong Kong police watchdog does not have powers and resources to cope with scale of protests, say Independent Police Complaints Council’s expert advisers""","""https://scmp.com/print/news/hong-kong/politics/article/3037080/hong-kong-police-watchdog-does-not-have-powers-and""",2019-11-10 16:01:51
"""Hong Kong schools less popular with Chinese parents in Shenzhen""","""Hong Kong schools less popular with Chinese parents in Shenzhen""","""https://scmp.com/print/news/china/society/article/3037043/hong-kong-schools-less-popular-chinese-parents-shenzhen""",2019-11-10 15:30:09
"""Need for national security law in Hong Kong ‘becoming urgent’""","""Need for national security law in Hong Kong becoming urgent, Beijing official says""","""https://scmp.com/print/news/china/politics/article/3037048/need-national-security-law-hong-kong-becoming-urgent-beijing""",2019-11-10 03:04:23
"""Protests will rage on until elites start feeling the pinch""","""As long as Hong Kong elite don’t feel the pinch,  protests are likely to rage on""","""https://scmp.com/print/comment/letters/article/3036897/long-hong-kong-elite-dont-feel-pinch-protests-are-likely-rage""",2019-11-10 00:30:06
"""What protesting Hong Kong youth need is not national education""","""What  Hong Kong’s protesting youth need: lessons on how to tell fake news from fact""","""https://scmp.com/print/comment/letters/article/3036937/what-protesting-hong-kong-youth-need-lessons-how-tell-fake-news""",2019-11-10 15:05:29
"""Why Hong Kong police would benefit from commission of inquiry""","""Hong Kong police clearly feeling the pressure of months of mass protests: an inquiry would serve them best""","""https://scmp.com/print/comment/letters/article/3036763/hong-kong-police-clearly-feeling-pressure-months-mass-protests""",2019-11-09 23:00:04
"""The NBA stood up to China, it’s time more brands did the same""","""NBA stood up to China in free speech defence: it’s about time more brands did the same""","""https://scmp.com/print/comment/letters/article/3036729/nba-stood-china-free-speech-defence-its-about-time-more-brands-did""",2019-11-09 21:35:04
"""Are Hong Kong protesters influencing New York, or vice versa?""","""Are New York protesters copying Hong Kong, or the other way around?""","""https://scmp.com/print/comment/letters/article/3036550/are-new-york-protesters-copying-hong-kong-or-other-way-around""",2019-11-09 18:00:12
"""Emotional memorials for death of Hong Kong student""","""Memorials in Hong Kong for death of student, Chow Tsz-lok""","""https://scmp.com/print/video/hong-kong/3037065/memorials-hong-kong-death-student-chow-tsz-lok""",2019-11-09 17:20:27
"""Hong Kong teenager has abortion following claim of gang-rape in police station""","""Hong Kong teenager has abortion following allegations she was gang-raped in police station, but force says investigation shows inconsistencies""","""https://scmp.com/print/news/hong-kong/law-and-crime/article/3037063/hong-kong-teenager-has-abortion-following-allegations""",2019-11-09 17:29:51
"""Hongkongers hold peaceful vigil for student killed in fall""","""Thousands gather for vigil in central Hong Kong to mourn death of student Chow Tsz-lok then disperse peacefully""","""https://scmp.com/print/news/hong-kong/politics/article/3037061/peaceful-vigil-central-hong-kong-student-protester-killed""",2019-11-09 17:28:48
"""Hong Kong barristers hit back at Beijing’s comments on judiciary""","""As Hong Kong protests rage on, barristers hit back at Beijing’s comments on the city’s judiciary and its responsibilities""","""https://scmp.com/print/news/hong-kong/politics/article/3037054/hong-kong-protests-rage-barristers-hit-back-beijings""",2019-11-09 15:21:53
"""Pro-government supporters in Hong Kong slam ‘cowardly’ vigilante attacks""","""Hong Kong protests: pro-government supporters call for city to return to peace and slam ‘cowardice’ of vigilante attacks""","""https://scmp.com/print/news/hong-kong/politics/article/3037053/hong-kong-protests-pro-government-supporters-call-city""",2019-11-09 15:21:58
"""As it happened: thousands gather for rally to mourn death of student""","""As it happened: thousands gather for rally in Admiralty to mourn death of Hong Kong student""","""https://scmp.com/print/news/hong-kong/politics/article/3036943/crowd-gathers-rally-tamar-park-admiralty-mourn-death-hong""",2019-11-09 15:38:31
"""Hong Kong protests: 10 top reads as city marks 5 months of unrest""","""Hong Kong protests: 10 top reads as the city’s social unrest marks five months since it began""","""https://scmp.com/print/news/hong-kong/politics/article/3037034/hong-kong-protests-10-top-reads-citys-social-unrest-marks""",2019-11-10 00:53:57
"""Attack on TVB cameraman by protesters condemned by media groups""","""Attack on cameraman by Hong Kong protesters condemned by city’s media groups""","""https://scmp.com/print/news/hong-kong/politics/article/3037033/attack-cameraman-hong-kong-protesters-condemned-citys-media""",2019-11-09 15:21:52
"""Mainland Chinese students flee Hong Kong fearing they will be attacked next""","""Scores of Chinese students flee Hong Kong over fears they will be attacked as anti-mainland sentiment sweeps through protesters in city""","""https://scmp.com/print/news/hong-kong/politics/article/3037026/scores-chinese-students-flee-hong-kong-over-fears-they-will""",2019-11-09 16:00:05
"""Hong Kong lawmaker arrests ‘paving the way’ for election cancellation""","""Hong Kong opposition camp slams arrest of seven lawmakers, accusing government of trying to stir up chaos so they can cancel district council elections""","""https://scmp.com/print/news/hong-kong/politics/article/3037022/hong-kong-opposition-camp-slams-arrest-seven-lawmakers""",2019-11-09 18:42:34
,,,
